ReadFromMem_U0,VITIS_LOOP_89_4,seq_loop_status1.csv
ReadFromMem_U0.grp_ReadFromMem_Pipeline_VITIS_LOOP_27_1_VITIS_LOOP_32_2_fu_576,VITIS_LOOP_27_1_VITIS_LOOP_32_2,upc_loop_status1.csv
ReadFromMem_U0.grp_ReadFromMem_Pipeline_VITIS_LOOP_153_8_fu_747,VITIS_LOOP_153_8,upc_loop_status2.csv
ReadFromMem_U0.grp_ReadFromMem_Pipeline_VITIS_LOOP_168_11_VITIS_LOOP_177_13_fu_757,VITIS_LOOP_168_11_VITIS_LOOP_177_13,upc_loop_status3.csv
ReadFromMem_U0.grp_ReadFromMem_Pipeline_VITIS_LOOP_187_14_VITIS_LOOP_189_15_VITIS_LOOP_192_16_fu_767,VITIS_LOOP_187_14_VITIS_LOOP_189_15_VITIS_LOOP_192_16,upc_loop_status4.csv
ReadFromMem_U0.grp_ReadFromMem_Pipeline_VITIS_LOOP_216_18_fu_980,VITIS_LOOP_216_18,upc_loop_status5.csv
RunDataFlow_U0,VITIS_LOOP_357_2,seq_loop_status2.csv
RunDataFlow_U0,VITIS_LOOP_352_1,seq_loop_status3.csv
RunDataFlow_U0.grp_CreateBitMask_fu_171,VITIS_LOOP_229_1,seq_loop_status4.csv
RunDataFlow_U0.grp_CreateBitMask_fu_171.grp_CreateBitMask_Pipeline_VITIS_LOOP_237_3_VITIS_LOOP_241_4_fu_183,VITIS_LOOP_237_3_VITIS_LOOP_241_4,upc_loop_status6.csv
RunDataFlow_U0.grp_RunDataFlow_Pipeline_VITIS_LOOP_341_1_fu_243,VITIS_LOOP_341_1,upc_loop_status7.csv
RunDataFlow_U0.grp_DPEComputation_fu_250.grp_DPEComputation_Pipeline_VITIS_LOOP_291_2_fu_58,VITIS_LOOP_291_2,upc_loop_status8.csv
RunDataFlow_U0.grp_DPEComputation_fu_250.grp_DPEComputation_Pipeline_VITIS_LOOP_296_3_fu_73,VITIS_LOOP_296_3,upc_loop_status9.csv
RunDataFlow_U0.grp_DPEComputation_fu_250.grp_DPEComputation_Pipeline_VITIS_LOOP_303_4_fu_84,VITIS_LOOP_303_4,upc_loop_status10.csv
OutputBuffer_U0.grp_OutputBuffer_Pipeline_VITIS_LOOP_329_1_fu_85,VITIS_LOOP_329_1,upc_loop_status11.csv
