,entry_proc_U0,,status1.csv
,Block_split10_proc_U0,,status2.csv
,ReadFromMem_U0,,status3.csv
,RunDataFlow_U0,,status4.csv
,OutputBuffer_U0,,status5.csv
,AESL_inst_LINEAR,,module_status1.csv
ReadFromMem_U0,grp_ReadFromMem_Pipeline_VITIS_LOOP_27_1_VITIS_LOOP_32_2_fu_576,,module_status2.csv
ReadFromMem_U0,grp_ReadFromMem_Pipeline_VITIS_LOOP_153_8_fu_747,,module_status3.csv
ReadFromMem_U0,grp_ReadFromMem_Pipeline_VITIS_LOOP_168_11_VITIS_LOOP_177_13_fu_757,,module_status4.csv
ReadFromMem_U0,grp_ReadFromMem_Pipeline_VITIS_LOOP_187_14_VITIS_LOOP_189_15_VITIS_LOOP_192_16_fu_767,,module_status5.csv
ReadFromMem_U0,grp_ReadFromMem_Pipeline_VITIS_LOOP_216_18_fu_980,,module_status6.csv
RunDataFlow_U0,grp_CreateBitMask_fu_171,,module_status7.csv
RunDataFlow_U0.grp_CreateBitMask_fu_171,grp_CreateBitMask_Pipeline_VITIS_LOOP_230_2_fu_114,,module_status8.csv
RunDataFlow_U0.grp_CreateBitMask_fu_171,grp_CreateBitMask_Pipeline_VITIS_LOOP_237_3_VITIS_LOOP_241_4_fu_183,,module_status9.csv
RunDataFlow_U0,grp_RunDataFlow_Pipeline_VITIS_LOOP_341_1_fu_243,,module_status10.csv
RunDataFlow_U0,grp_DPEComputation_fu_250,,module_status11.csv
RunDataFlow_U0.grp_DPEComputation_fu_250,grp_DPEComputation_Pipeline_VITIS_LOOP_291_2_fu_58,,module_status12.csv
RunDataFlow_U0.grp_DPEComputation_fu_250,grp_DPEComputation_Pipeline_VITIS_LOOP_287_1_fu_67,,module_status13.csv
RunDataFlow_U0.grp_DPEComputation_fu_250,grp_DPEComputation_Pipeline_VITIS_LOOP_296_3_fu_73,,module_status14.csv
RunDataFlow_U0.grp_DPEComputation_fu_250.grp_DPEComputation_Pipeline_VITIS_LOOP_296_3_fu_73,grp_DPEUnit_fu_63,,module_status15.csv
RunDataFlow_U0.grp_DPEComputation_fu_250,grp_DPEComputation_Pipeline_VITIS_LOOP_303_4_fu_84,,module_status16.csv
OutputBuffer_U0,grp_OutputBuffer_Pipeline_VITIS_LOOP_329_1_fu_85,,module_status17.csv
